repository_path,archive_path,size,mode,sha256
src/px4_ros_com/px4_ros_com/module_to_import.py,autosystem_platform_ws/utilities_pkg/px4_ros_com/px4_ros_com/module_to_import.py,0,0o664,e3b0c44298fc1c149afbf4c8996fb92427ae41e4649b934ca495991b7852b855
src/px4_ros_com/px4_ros_com/__init__.py,autosystem_platform_ws/utilities_pkg/px4_ros_com/px4_ros_com/__init__.py,0,0o664,e3b0c44298fc1c149afbf4c8996fb92427ae41e4649b934ca495991b7852b855
src/px4_ros_com/README.md,autosystem_platform_ws/utilities_pkg/px4_ros_com/README.md,1653,0o664,a54d1920236ac5d082a3bd2d84c01771cfc9a137f627340a2be4bede06f2c549
src/px4_ros_com/src/examples/offboard/offboard_control.cpp,autosystem_platform_ws/utilities_pkg/px4_ros_com/src/examples/offboard/offboard_control.cpp,11930,0o664,a278be0b65bcedddbbbf26d5fd9e640ad073985f7d99d781c75a5a2ee51473db
src/px4_ros_com/src/examples/offboard/offboard_control_srv.cpp,autosystem_platform_ws/utilities_pkg/px4_ros_com/src/examples/offboard/offboard_control_srv.cpp,9470,0o664,490150f5b0e2a7113d14f741b0312e32fa515ae63da96930ee6e1500f04ee3e2
src/px4_ros_com/src/examples/offboard_py/offboard_control.py,autosystem_platform_ws/utilities_pkg/px4_ros_com/src/examples/offboard_py/offboard_control.py,5853,0o775,d46dcecc17f02ac20f3602da81790c646a2873329e1eda5a3c405c924f275196
src/px4_ros_com/src/examples/advertisers/debug_vect_advertiser.cpp,autosystem_platform_ws/utilities_pkg/px4_ros_com/src/examples/advertisers/debug_vect_advertiser.cpp,3309,0o664,a38c8f1812a17911ddfb837333eff413b47ea418c11ad8204e0e5f4216422127
src/px4_ros_com/src/examples/simple_controller/keyboard_velocity_teleop.cpp,autosystem_platform_ws/utilities_pkg/px4_ros_com/src/examples/simple_controller/keyboard_velocity_teleop.cpp,1730,0o664,1744dea6422e48e786adb385cdab9e0543943c68329b2a4691f45cfc59ec27b3
src/px4_ros_com/src/examples/simple_controller/cli_pose_command.cpp,autosystem_platform_ws/utilities_pkg/px4_ros_com/src/examples/simple_controller/cli_pose_command.cpp,1193,0o664,6275ddb133e43a32a611fee2627d1fb448c364b79f6eee24c1c6b0d918684d0e
src/px4_ros_com/src/examples/listeners/vehicle_gps_position_listener.cpp,autosystem_platform_ws/utilities_pkg/px4_ros_com/src/examples/listeners/vehicle_gps_position_listener.cpp,4616,0o664,f42b0fd831e27a743c53f18aadd4361431db4e3fb31466ecbc89db6755926f82
src/px4_ros_com/src/examples/listeners/sensor_combined_listener.cpp,autosystem_platform_ws/utilities_pkg/px4_ros_com/src/examples/listeners/sensor_combined_listener.cpp,3974,0o664,b9b0ebad73a4469045f05a233b5cc1fa36a26b6976ec804b75b47bb94c9e3350
src/px4_ros_com/src/lib/frame_transforms.cpp,autosystem_platform_ws/utilities_pkg/px4_ros_com/src/lib/frame_transforms.cpp,11357,0o664,478ad12b57e9bf478f30167d5eb068295d30ce6668a0a35f10b3608a049e5bca
src/px4_ros_com/test/pipeline_io_test.py,autosystem_platform_ws/utilities_pkg/px4_ros_com/test/pipeline_io_test.py,8177,0o664,3e16471d4a3d85db4a0818171dc98b7cffe172bf9d0f5e502d875d17365a5461
src/px4_ros_com/test/test_output.py,autosystem_platform_ws/utilities_pkg/px4_ros_com/test/test_output.py,3276,0o775,033db27c4dc7fdc59288066e08b2c3b0733247cb646129d7017beec027ce7e25
src/px4_ros_com/test/test_input.py,autosystem_platform_ws/utilities_pkg/px4_ros_com/test/test_input.py,3863,0o664,0f03472e0be63d1a10dfd42466142f238ea9b63b1575d3108c35d847c65d53f1
src/px4_ros_com/test/__init__.py,autosystem_platform_ws/utilities_pkg/px4_ros_com/test/__init__.py,0,0o664,e3b0c44298fc1c149afbf4c8996fb92427ae41e4649b934ca495991b7852b855
src/px4_ros_com/scripts/setup_system.bash,autosystem_platform_ws/utilities_pkg/px4_ros_com/scripts/setup_system.bash,2940,0o775,404bf3dd4e0d13a652662889fc4fdff3e750e1a1bededf527dca1dbc808b0bdc
src/px4_ros_com/scripts/build_all.bash,autosystem_platform_ws/utilities_pkg/px4_ros_com/scripts/build_all.bash,5580,0o775,f2168f9a6e687e9f55ae8325053d64bbddfe9ed48f88da270e918d0ca704cc74
src/px4_ros_com/scripts/__init__.py,autosystem_platform_ws/utilities_pkg/px4_ros_com/scripts/__init__.py,0,0o664,e3b0c44298fc1c149afbf4c8996fb92427ae41e4649b934ca495991b7852b855
src/px4_ros_com/scripts/build_ros2_workspace.bash,autosystem_platform_ws/utilities_pkg/px4_ros_com/scripts/build_ros2_workspace.bash,4460,0o775,f07898426824160143888c4acefacec475d2528fb55c4acd497c3521ef41fe87
src/px4_ros_com/include/px4_ros_com/frame_transforms.h,autosystem_platform_ws/utilities_pkg/px4_ros_com/include/px4_ros_com/frame_transforms.h,15279,0o664,5cc6ffe3e3d812981572db2df6651043481ee439c240c371681a2e27b0a6e45d
src/px4_ros_com/LICENSE,autosystem_platform_ws/utilities_pkg/px4_ros_com/LICENSE,1525,0o664,9e3a8c94a10101eb3114a9212657e01914ee10e7880ee89aa9d24aea0eb6ba5d
src/px4_ros_com/package.xml,autosystem_platform_ws/utilities_pkg/px4_ros_com/package.xml,1467,0o664,6884b63c097c83d2d5374a3e6cae13139c6f59602b58e95a936095d9927403a8
src/px4_ros_com/CMakeLists.txt,autosystem_platform_ws/utilities_pkg/px4_ros_com/CMakeLists.txt,5031,0o664,b1af037f83d58afdfb3c5b40111e48f054149ff2744eb60b8cfaa98f5dca973c
src/px4_ros_com/launch/offboard_control_launch.yaml,autosystem_platform_ws/utilities_pkg/px4_ros_com/launch/offboard_control_launch.yaml,118,0o664,4383f68057af0cff933232fc71f0f088ccb7af7d2b03311be98c2dc034f9803a
src/px4_ros_com/launch/sensor_combined_listener.launch.py,autosystem_platform_ws/utilities_pkg/px4_ros_com/launch/sensor_combined_listener.launch.py,2364,0o664,04589f86ef5cc8d410d3f49683a3060d2b148bc25f1da49dc24c0082850b354d
src/px4_msgs/CONTRIBUTING.md,autosystem_platform_ws/utilities_pkg/px4_msgs/CONTRIBUTING.md,733,0o664,826f63d9725975e17b01d8b37bb2ec20f454631df34c41718a2bd77bc7ef8453
src/px4_msgs/msg/SensorPreflightMag.msg,autosystem_platform_ws/utilities_pkg/px4_msgs/msg/SensorPreflightMag.msg,260,0o664,71c3a4c2e499697093eb1723e9e87caa9489d5b241eab70418c9d19e60a51deb
src/px4_msgs/msg/TuneControl.msg,autosystem_platform_ws/utilities_pkg/px4_msgs/msg/TuneControl.msg,1518,0o664,708822a89e2e454809f9ffb3496aaa78fa71e193ffa8abb16bc70fa7195e4151
src/px4_msgs/msg/PowerMonitor.msg,autosystem_platform_ws/utilities_pkg/px4_msgs/msg/PowerMonitor.msg,334,0o664,3a04f180dbbeac92b32ee4e57653da39a30a0c60d25c03491b742c2940908c8c
src/px4_msgs/msg/FigureEightStatus.msg,autosystem_platform_ws/utilities_pkg/px4_msgs/msg/FigureEightStatus.msg,824,0o664,2e682130c200b7847d69163778394031af1dda0f1cc53db2218f9ea164be0d1f
src/px4_msgs/msg/RtlStatus.msg,autosystem_platform_ws/utilities_pkg/px4_msgs/msg/RtlStatus.msg,1269,0o664,1ad89b27e37fa729da24378cbb9fbf0f5ff93e4f9154a3c979ba87277e744d6f
src/px4_msgs/msg/AirspeedValidated.msg,autosystem_platform_ws/utilities_pkg/px4_msgs/msg/AirspeedValidated.msg,1027,0o664,5adb766fac4311983031e92fd9fcbabfbb2d6d8dfbaec1cc7b89f8828df5801c
src/px4_msgs/msg/TrajectorySetpoint.msg,autosystem_platform_ws/utilities_pkg/px4_msgs/msg/TrajectorySetpoint.msg,637,0o664,d5671f1a094a9183e2337171ab738ae3395442e024b58aaacbf51c2b0188d5e2
src/px4_msgs/msg/IridiumsbdStatus.msg,autosystem_platform_ws/utilities_pkg/px4_msgs/msg/IridiumsbdStatus.msg,1140,0o664,6c0e47c1d4a6c5a09f042269f2d36e3d69608977b432325dd33ddc01a4554b89
src/px4_msgs/msg/VehicleLocalPosition.msg,autosystem_platform_ws/utilities_pkg/px4_msgs/msg/VehicleLocalPosition.msg,4797,0o664,5bf55da4743f1d9c6d69a56473ee6a813d573890c051d6ab442dc01f18433fdd
src/px4_msgs/msg/TransponderReport.msg,autosystem_platform_ws/utilities_pkg/px4_msgs/msg/TransponderReport.msg,1956,0o664,19fca93075445db636f398738402d3ee3c65030d0bc54044c27a647898a1c3c2
src/px4_msgs/msg/FollowTarget.msg,autosystem_platform_ws/utilities_pkg/px4_msgs/msg/FollowTarget.msg,352,0o664,a7b059497d113533dbb3f296e5cc817faf94f69237b1564e00e125a0698306d5
src/px4_msgs/msg/HoverThrustEstimate.msg,autosystem_platform_ws/utilities_pkg/px4_msgs/msg/HoverThrustEstimate.msg,619,0o664,8a4a4390198fb4a0d36fefe571233cb452cec387168d3fea6cc761b5857d1f89
src/px4_msgs/msg/VehicleTorqueSetpoint.msg,autosystem_platform_ws/utilities_pkg/px4_msgs/msg/VehicleTorqueSetpoint.msg,360,0o664,78ea10ffdc7bf8932b186785a80fb1db0a1966c0f90656e9a64027084e2b74ca
src/px4_msgs/msg/PpsCapture.msg,autosystem_platform_ws/utilities_pkg/px4_msgs/msg/PpsCapture.msg,221,0o664,d859756b3ec1765e1704cc64e59043497a53afc8c0936fb91e69567ac4cc3948
src/px4_msgs/msg/GeneratorStatus.msg,autosystem_platform_ws/utilities_pkg/px4_msgs/msg/GeneratorStatus.msg,4506,0o664,b8c6cd745e80d2756c488f6f184140a0dd10d17a84c06a8aa92c36704dd353b1
src/px4_msgs/msg/IrlockReport.msg,autosystem_platform_ws/utilities_pkg/px4_msgs/msg/IrlockReport.msg,643,0o664,63fa6bbc991e188548ff432a9553f2dcbaba06a50c0bdaaad023974a4f7b9878
src/px4_msgs/msg/OpenDroneIdSelfId.msg,autosystem_platform_ws/utilities_pkg/px4_msgs/msg/OpenDroneIdSelfId.msg,81,0o664,984db79933a0154f8e9d8730e8be5a24b34a79d43b93c935e3fe15863bc545bb
src/px4_msgs/msg/Gripper.msg,autosystem_platform_ws/utilities_pkg/px4_msgs/msg/Gripper.msg,232,0o664,c77eb323885ac841927bde13d6086dfa39b33d2b2c1fa44bd73815898dcb1805
src/px4_msgs/msg/BatteryStatus.msg,autosystem_platform_ws/utilities_pkg/px4_msgs/msg/BatteryStatus.msg,4634,0o664,588ef80970f86ea0e019b97546deeeb8b7f8b986517eab5f5ef2fc0d733f26b5
src/px4_msgs/msg/Cpuload.msg,autosystem_platform_ws/utilities_pkg/px4_msgs/msg/Cpuload.msg,163,0o664,d0f217ca2f7afcb378772cb5b3fce496587889b609ac0b3df935c8c13280c268
src/px4_msgs/msg/EstimatorInnovations.msg,autosystem_platform_ws/utilities_pkg/px4_msgs/msg/EstimatorInnovations.msg,2369,0o664,b5af30a8eaabc1b0a1307026a3a993290e6c451808bf049148ddcf2be1216fc3
src/px4_msgs/msg/GpioOut.msg,autosystem_platform_ws/utilities_pkg/px4_msgs/msg/GpioOut.msg,174,0o664,0cdb3e27cf4dc0fc03afbdd4af8b270dcb936505a1b8ed378d68e78046f77b01
src/px4_msgs/msg/InputRc.msg,autosystem_platform_ws/utilities_pkg/px4_msgs/msg/InputRc.msg,2356,0o664,f6c989db604fc028395556cb722463c2739204c3ec07870c9b6e422d3573b8aa
src/px4_msgs/msg/VehicleCommand.msg,autosystem_platform_ws/utilities_pkg/px4_msgs/msg/VehicleCommand.msg,24798,0o664,eae005aa1765e84cca0c917fadc2cc3f496ca61e51b1d3734633191dc8629382
src/px4_msgs/msg/FailureDetectorStatus.msg,autosystem_platform_ws/utilities_pkg/px4_msgs/msg/FailureDetectorStatus.msg,420,0o664,5bd22adbdb2a652dfd2f83426734c788df889e23762c7b662e018cdc56f4dbc5
src/px4_msgs/msg/DatamanRequest.msg,autosystem_platform_ws/utilities_pkg/px4_msgs/msg/DatamanRequest.msg,188,0o664,73486d981749affc085330b6151ff8e0c7a922be5db2f57b60024afcd6827e17
src/px4_msgs/msg/ActuatorControlsStatus.msg,autosystem_platform_ws/utilities_pkg/px4_msgs/msg/ActuatorControlsStatus.msg,150,0o664,7c684f2b96a2ca9b1cac6a05d46c57a3de3132ac9bb18ba5c54f5521ae55cb51
src/px4_msgs/msg/VehicleStatus.msg,autosystem_platform_ws/utilities_pkg/px4_msgs/msg/VehicleStatus.msg,5889,0o664,249e80bba04a22ded93a08f530452398c2ec31a52747f1f205038a11fd79ede6
src/px4_msgs/msg/RoverAttitudeSetpoint.msg,autosystem_platform_ws/utilities_pkg/px4_msgs/msg/RoverAttitudeSetpoint.msg,111,0o664,2e92d526d33f23b24e7a857daf514d79e1ee844bbd4b8a5bb77666e7e3b4ae81
src/px4_msgs/msg/VelocityLimits.msg,autosystem_platform_ws/utilities_pkg/px4_msgs/msg/VelocityLimits.msg,277,0o664,6c7f8f64a2f934ab5fbbdc2dd9042e80f061e63de047ce29fba0a92542b0a021
src/px4_msgs/msg/UlogStreamAck.msg,autosystem_platform_ws/utilities_pkg/px4_msgs/msg/UlogStreamAck.msg,359,0o664,d57b51b75289b8eee97dcc3d1a5ee4224a63893332da7530c60a797740f563af
src/px4_msgs/msg/EstimatorGpsStatus.msg,autosystem_platform_ws/utilities_pkg/px4_msgs/msg/EstimatorGpsStatus.msg,1399,0o664,7af18ed29ccbb4f77d8ea945001f78f9ed0b1caa726425030194a405f40e1d57
src/px4_msgs/msg/ManualControlSwitches.msg,autosystem_platform_ws/utilities_pkg/px4_msgs/msg/ManualControlSwitches.msg,1804,0o664,5c342069ef8eb2ad3685019ffff9855a6c7cd4e81991d096504d938c17fa0b3d
src/px4_msgs/msg/SensorAccelFifo.msg,autosystem_platform_ws/utilities_pkg/px4_msgs/msg/SensorAccelFifo.msg,573,0o664,44612630a55b0ad4c1ec940e52e0ea95c298b0110930a8ce13cd520636815be0
src/px4_msgs/msg/LogMessage.msg,autosystem_platform_ws/utilities_pkg/px4_msgs/msg/LogMessage.msg,239,0o664,b522d5182f3d07795a61212abc3b15c5bb2333dc18f85c5ccf94df010b8fc3fe
src/px4_msgs/msg/DebugArray.msg,autosystem_platform_ws/utilities_pkg/px4_msgs/msg/DebugArray.msg,293,0o664,47bcbb7e3710544bf5e18bacdd8755c9d630676e32d03b3d7406b8212c55e5a1
src/px4_msgs/msg/SensorsStatus.msg,autosystem_platform_ws/utilities_pkg/px4_msgs/msg/SensorsStatus.msg,482,0o664,1b752212b1691e7e46942d579a269db84ca1ae0fdda3f655981964d2661a353b
src/px4_msgs/msg/HomePosition.msg,autosystem_platform_ws/utilities_pkg/px4_msgs/msg/HomePosition.msg,717,0o664,81b9e9ea123de7aa0f6541cce1fa389fb12c9b99ab118b28e083eca5e0c1d345
src/px4_msgs/msg/GimbalManagerSetManualControl.msg,autosystem_platform_ws/utilities_pkg/px4_msgs/msg/GimbalManagerSetManualControl.msg,585,0o664,df8ec27b4c73a2bb9e8a55568bcc398416f8d50c48d4c6a703b68b787c67c33e
src/px4_msgs/msg/TakeoffStatus.msg,autosystem_platform_ws/utilities_pkg/px4_msgs/msg/TakeoffStatus.msg,508,0o664,0423eea2949999c32954bc03b750b013ba1d697d99878a78570cf6fe076c576c
src/px4_msgs/msg/EstimatorEventFlags.msg,autosystem_platform_ws/utilities_pkg/px4_msgs/msg/EstimatorEventFlags.msg,2319,0o664,7abe754c8530fe1be7aef425716df82b983946cfe81f92a09973ea0e8e9c8b78
src/px4_msgs/msg/RadioStatus.msg,autosystem_platform_ws/utilities_pkg/px4_msgs/msg/RadioStatus.msg,383,0o664,a4daca29400caef72645d42202e9944939e1fa0b8993340d5fc33fb7bcd3c3f2
src/px4_msgs/msg/GpsDump.msg,autosystem_platform_ws/utilities_pkg/px4_msgs/msg/GpsDump.msg,373,0o664,754ae04822e2bbde1c6d1efc1ac47f532465c2c3775bfc2c0bf670bdb6061b76
src/px4_msgs/msg/ArmingCheckReply.msg,autosystem_platform_ws/utilities_pkg/px4_msgs/msg/ArmingCheckReply.msg,795,0o664,f54eb54a864cdabf4aac5f90830187082cc5ecc5ac9852cfaa1d98a2917dfdb9
src/px4_msgs/msg/FollowTargetStatus.msg,autosystem_platform_ws/utilities_pkg/px4_msgs/msg/FollowTargetStatus.msg,850,0o664,46e444c3fb16158ab5765244980f11a014589a9433d7af583c6be62de2eeb7ee
src/px4_msgs/msg/CollisionConstraints.msg,autosystem_platform_ws/utilities_pkg/px4_msgs/msg/CollisionConstraints.msg,266,0o664,8a615fea17e71dd4cd072decdd175096a13277bc57349be47f2cb9b9a24d987a
src/px4_msgs/msg/SensorGps.msg,autosystem_platform_ws/utilities_pkg/px4_msgs/msg/SensorGps.msg,3664,0o664,9cd41f0d65d587cca0fdf77196de6d8beb62b0e13eabcdfbc2c433291bec6e97
src/px4_msgs/msg/RtlTimeEstimate.msg,autosystem_platform_ws/utilities_pkg/px4_msgs/msg/RtlTimeEstimate.msg,305,0o664,bc0f088a20db51bf190830727b4a620b8dc5e44a913afed0f469d81e86baeb96
src/px4_msgs/msg/VehicleRoi.msg,autosystem_platform_ws/utilities_pkg/px4_msgs/msg/VehicleRoi.msg,761,0o664,609aae1d710007d3236f2d7d5ea4eab12d935c1bb277707e97a8f4e971d5d5f5
src/px4_msgs/msg/OpenDroneIdArmStatus.msg,autosystem_platform_ws/utilities_pkg/px4_msgs/msg/OpenDroneIdArmStatus.msg,45,0o664,362cc20941b1357540d6eb5fe342ed20f2ddbd5e2d27eaab20e74f02301fa9f2
src/px4_msgs/msg/RateCtrlStatus.msg,autosystem_platform_ws/utilities_pkg/px4_msgs/msg/RateCtrlStatus.msg,216,0o664,78e1a0f51479b4fd1c3be74dc04c4866489e54bc9919070d4931e0b6be0ddc18
src/px4_msgs/msg/RoverAttitudeStatus.msg,autosystem_platform_ws/utilities_pkg/px4_msgs/msg/RoverAttitudeStatus.msg,213,0o664,23d0496d16a2f7ebe508e75afc237a44058bac471e2ad0c4c87c8b614733bd20
src/px4_msgs/msg/OpenDroneIdSystem.msg,autosystem_platform_ws/utilities_pkg/px4_msgs/msg/OpenDroneIdSystem.msg,281,0o664,42deeac881dc6e8cdc22fa6a1ded0074027f68c46abd32e32c92efe894aafaed
src/px4_msgs/msg/Event.msg,autosystem_platform_ws/utilities_pkg/px4_msgs/msg/Event.msg,357,0o664,951cc49875d830116b9b0662f84153e6721e62c28bf17bbb899bc6451722140f
src/px4_msgs/msg/GimbalManagerSetAttitude.msg,autosystem_platform_ws/utilities_pkg/px4_msgs/msg/GimbalManagerSetAttitude.msg,516,0o664,a8d6889feae8c894c58748ac80219837b5b6a7d545c9c22dde5aad62325be845
src/px4_msgs/msg/GimbalDeviceInformation.msg,autosystem_platform_ws/utilities_pkg/px4_msgs/msg/GimbalDeviceInformation.msg,1022,0o664,f61e07cde2c46ec32860ece23eb6cc09ec4e8da6d843b669cf4ac974116f5519
src/px4_msgs/msg/VehicleAttitude.msg,autosystem_platform_ws/utilities_pkg/px4_msgs/msg/VehicleAttitude.msg,700,0o664,d23f153b574daad31f21f767bc6e2781bcd486bb9e56c605b8b6fd10814b1c74
src/px4_msgs/msg/TimesyncStatus.msg,autosystem_platform_ws/utilities_pkg/px4_msgs/msg/TimesyncStatus.msg,552,0o664,244e915343f678a7a9895002d2f36983bfd4494a2a9167db70b01e2dc5a5566c
src/px4_msgs/msg/VehicleLandDetected.msg,autosystem_platform_ws/utilities_pkg/px4_msgs/msg/VehicleLandDetected.msg,800,0o664,479ef4ed2bdf80acd4fe1d5cca988ee3dfe49e703494339eb7b62a01f00632f8
src/px4_msgs/msg/VehicleAngularVelocity.msg,autosystem_platform_ws/utilities_pkg/px4_msgs/msg/VehicleAngularVelocity.msg,461,0o664,4d713992ec958004629e5c8cbb5e83df2824c6df06e4cb4b06b3e0e3127bb3bf
src/px4_msgs/msg/TaskStackInfo.msg,autosystem_platform_ws/utilities_pkg/px4_msgs/msg/TaskStackInfo.msg,175,0o664,7135b46beae67e62dce06e49d7b74cb3a8439eb0b23e71a7a3d4f34edcc36eda
src/px4_msgs/msg/SensorGyroFifo.msg,autosystem_platform_ws/utilities_pkg/px4_msgs/msg/SensorGyroFifo.msg,613,0o664,9a779336d42d6399c8d77c26542017e8f6b61e44fb630f00d64e177d84ca57bc
src/px4_msgs/msg/LandingTargetPose.msg,autosystem_platform_ws/utilities_pkg/px4_msgs/msg/LandingTargetPose.msg,1543,0o664,d6d9d634762dfefc54b0e01ed7698d5a249fabe10c4917aa99909c9b1769be1a
src/px4_msgs/msg/InternalCombustionEngineStatus.msg,autosystem_platform_ws/utilities_pkg/px4_msgs/msg/InternalCombustionEngineStatus.msg,3552,0o664,f13d59567feca2c98e13e0866ba80a63ad371aec44f3fee0a9d6a09320957742
src/px4_msgs/msg/VehicleOpticalFlowVel.msg,autosystem_platform_ws/utilities_pkg/px4_msgs/msg/VehicleOpticalFlowVel.msg,1070,0o664,376191b6299d638b07b71d9c62e38d5e83cf097a3b2005a9c98f9b7fc4090bb2
src/px4_msgs/msg/OrbitStatus.msg,autosystem_platform_ws/utilities_pkg/px4_msgs/msg/OrbitStatus.msg,999,0o664,992e24034e734bb2e8bcf5bf4146703d765ebebaa0405c57ce716270dfcda143
src/px4_msgs/msg/PositionSetpoint.msg,autosystem_platform_ws/utilities_pkg/px4_msgs/msg/PositionSetpoint.msg,2013,0o664,a244b3a1b61c240197ada0bfa8234e8390b99cd9f0163eab16c34bae7ea44131
src/px4_msgs/msg/FailsafeFlags.msg,autosystem_platform_ws/utilities_pkg/px4_msgs/msg/FailsafeFlags.msg,2952,0o664,7b0a72c87663addc76581c2482db33fe92422becd7b65273eb43edb6d7bf4375
src/px4_msgs/msg/OrbTest.msg,autosystem_platform_ws/utilities_pkg/px4_msgs/msg/OrbTest.msg,103,0o664,eede789e0e1341e13031863974605d186fb094e6f9ced4fcc41dade0f7371f64
src/px4_msgs/msg/VtolVehicleStatus.msg,autosystem_platform_ws/utilities_pkg/px4_msgs/msg/VtolVehicleStatus.msg,534,0o664,7bb9521193128f01902f157fa78b93978473f61e9e7384c15073e4a5133b5c81
src/px4_msgs/msg/SensorCombined.msg,autosystem_platform_ws/utilities_pkg/px4_msgs/msg/SensorCombined.msg,1684,0o664,ccac9a26fcf460228fe55459fe6710eb2e608665ff13141676805e98cbd5e462
src/px4_msgs/msg/SensorAccel.msg,autosystem_platform_ws/utilities_pkg/px4_msgs/msg/SensorAccel.msg,692,0o664,2bd894577cc016f0d2bf022f708125fa2ca61b45c8e29377007f3615db4f58e2
src/px4_msgs/msg/LedControl.msg,autosystem_platform_ws/utilities_pkg/px4_msgs/msg/LedControl.msg,1492,0o664,aa9a6cce4e50199bc4c61555b98f7b2fdfd6fb3bfa35f07f197e8aa6cd9dde4d
src/px4_msgs/msg/VehicleGlobalPosition.msg,autosystem_platform_ws/utilities_pkg/px4_msgs/msg/VehicleGlobalPosition.msg,1564,0o664,ace04d2f4529266e3322227a75d0bdadc1537151aa6bc5faa2d60ec712fe6b48
src/px4_msgs/msg/EstimatorStatusFlags.msg,autosystem_platform_ws/utilities_pkg/px4_msgs/msg/EstimatorStatusFlags.msg,7265,0o664,265506ee09e64231bde67421d604b2cfa684da6e099bfc259c74fc833ce712a0
src/px4_msgs/msg/GpioRequest.msg,autosystem_platform_ws/utilities_pkg/px4_msgs/msg/GpioRequest.msg,123,0o664,aed7f3625b4a36c3d400aeb625f74ebf598f1531f58aba26422779a18964d150
src/px4_msgs/msg/ActionRequest.msg,autosystem_platform_ws/utilities_pkg/px4_msgs/msg/ActionRequest.msg,615,0o664,c081499109085a4ec9e4d81af0929051c0383c1046c73ccbb2ed14660452aedb
src/px4_msgs/msg/Wind.msg,autosystem_platform_ws/utilities_pkg/px4_msgs/msg/Wind.msg,818,0o664,d297c1d3815c0893ca5fa6bbd61600c63434724c5ca3a3d21bdc7c10e813b4e7
src/px4_msgs/msg/Ekf2Timestamps.msg,autosystem_platform_ws/utilities_pkg/px4_msgs/msg/Ekf2Timestamps.msg,1043,0o664,a8124acce4d9c148d67a9d1875f824b119b4fe7910e08064b72bf5d88d92495e
src/px4_msgs/msg/SensorBaro.msg,autosystem_platform_ws/utilities_pkg/px4_msgs/msg/SensorBaro.msg,370,0o664,f2629aa6a4bc54e8d8f19a1cd212e6f8864cffaa7f2cfa33d3e2f44951b65b06
src/px4_msgs/msg/GimbalControls.msg,autosystem_platform_ws/utilities_pkg/px4_msgs/msg/GimbalControls.msg,242,0o664,18509af0c2a8ad5cb8b719dff5f642b19ce4c563c0a21729e279af74fbe3b20b
src/px4_msgs/msg/RoverRateStatus.msg,autosystem_platform_ws/utilities_pkg/px4_msgs/msg/RoverRateStatus.msg,325,0o664,66a8b45950650332858399f3f228b2fcc542e3cac41ae264a8b421aeb51349bf
src/px4_msgs/msg/NpfgStatus.msg,autosystem_platform_ws/utilities_pkg/px4_msgs/msg/NpfgStatus.msg,1263,0o664,d331b2d4752b5a11b4b7b495d5155bdf1605f7da200fc9b8669980fe79348e7f
src/px4_msgs/msg/InternalCombustionEngineControl.msg,autosystem_platform_ws/utilities_pkg/px4_msgs/msg/InternalCombustionEngineControl.msg,442,0o664,c8aad55cff30cdccba2e83d8219e009a5d9591cc38fc1a745a8e4445bb1074ff
src/px4_msgs/msg/LandingGearWheel.msg,autosystem_platform_ws/utilities_pkg/px4_msgs/msg/LandingGearWheel.msg,152,0o664,b6308fc837587e617fd08594c022c99eb5bfbec99c62e0163239d0abcfd12915
src/px4_msgs/msg/QshellReq.msg,autosystem_platform_ws/utilities_pkg/px4_msgs/msg/QshellReq.msg,135,0o664,ab7890cf15bc4acc56a90061ce8bebce34d5b23a65e2324ba7ef8d1019dd6b6a
src/px4_msgs/msg/RcChannels.msg,autosystem_platform_ws/utilities_pkg/px4_msgs/msg/RcChannels.msg,1503,0o664,cd292765bf5eb1f1224e5a11fa20ec43c060dc035c19ac29ec52b8e4b0dfd336
src/px4_msgs/msg/VehicleLocalPositionSetpoint.msg,autosystem_platform_ws/utilities_pkg/px4_msgs/msg/VehicleLocalPositionSetpoint.msg,535,0o664,b27bb0f8769901c5b6f2c97d1de68658f0728a64aa105c51237c5cd9d84c447d
src/px4_msgs/msg/RoverRateSetpoint.msg,autosystem_platform_ws/utilities_pkg/px4_msgs/msg/RoverRateSetpoint.msg,118,0o664,897ee2ee843ddf4283857d38429fd0ed16910912a6c257a8caec80ba05e5e79c
src/px4_msgs/msg/ControlAllocatorStatus.msg,autosystem_platform_ws/utilities_pkg/px4_msgs/msg/ControlAllocatorStatus.msg,2100,0o664,43908a43780205908134916d0bd57ad488869aa3617b73adda73c3da2d1f7d20
src/px4_msgs/msg/SensorSelection.msg,autosystem_platform_ws/utilities_pkg/px4_msgs/msg/SensorSelection.msg,365,0o664,655c7c89ad8a40eb4e04f059aeb92d639f6801982bee6e238347b90d444394c3
src/px4_msgs/msg/AdcReport.msg,autosystem_platform_ws/utilities_pkg/px4_msgs/msg/AdcReport.msg,506,0o664,7e47c651d22e9927d8cfef3854c8dc2328be6fc9409122077e98678f3127b5c7
src/px4_msgs/msg/MagWorkerData.msg,autosystem_platform_ws/utilities_pkg/px4_msgs/msg/MagWorkerData.msg,306,0o664,fdf9c41a3db8b8e3eb43556067b14b4203a24d159fe763894aa727f50c0de28d
src/px4_msgs/msg/ParameterResetRequest.msg,autosystem_platform_ws/utilities_pkg/px4_msgs/msg/ParameterResetRequest.msg,243,0o664,d57eae2bbfba919a0f07bd0e87b5e76686ef43c8d61cb70b0391853d90f46540
src/px4_msgs/msg/GeofenceStatus.msg,autosystem_platform_ws/utilities_pkg/px4_msgs/msg/GeofenceStatus.msg,223,0o664,2a5583e3b2e4ebec0f1266c062c6e5619ff5ba8ca8bb25f7f2ad075c9ec40aa1
src/px4_msgs/msg/EstimatorSelectorStatus.msg,autosystem_platform_ws/utilities_pkg/px4_msgs/msg/EstimatorSelectorStatus.msg,458,0o664,5dffef3f03f0085a53a263095cda303b73098537413d5d3f2aef725307c368ed
src/px4_msgs/msg/NavigatorStatus.msg,autosystem_platform_ws/utilities_pkg/px4_msgs/msg/NavigatorStatus.msg,372,0o664,e018b1754e391a965a8d1d848654acc7f1b42b07df4b566ee79fde6f206812bb
src/px4_msgs/msg/LandingTargetInnovations.msg,autosystem_platform_ws/utilities_pkg/px4_msgs/msg/LandingTargetInnovations.msg,243,0o664,a1602faf1275133ad282e2da6af6424f77dc3134f2f4fb9748293ee302f157e0
src/px4_msgs/msg/HealthReport.msg,autosystem_platform_ws/utilities_pkg/px4_msgs/msg/HealthReport.msg,521,0o664,b7b435ea2ab1ca656e79ea4e000ac3a2873dc2a7e8c1ba4f823509891ece8290
src/px4_msgs/msg/GimbalManagerStatus.msg,autosystem_platform_ws/utilities_pkg/px4_msgs/msg/GimbalManagerStatus.msg,214,0o664,791e4147199ad075a63fdd931b96959add789c9c76d8ba07ffd7cfc48c067d01
src/px4_msgs/msg/EstimatorBias3d.msg,autosystem_platform_ws/utilities_pkg/px4_msgs/msg/EstimatorBias3d.msg,724,0o664,c27f9c8211e84bd2738f6dc98e346879dab0ebbad4accd5b2d5819f5941b269c
src/px4_msgs/msg/ButtonEvent.msg,autosystem_platform_ws/utilities_pkg/px4_msgs/msg/ButtonEvent.msg,183,0o664,af7731b520e90ef85f2e6abac7f1951a6229678d5bd53211383381f23ef593de
src/px4_msgs/msg/VehicleCommandAck.msg,autosystem_platform_ws/utilities_pkg/px4_msgs/msg/VehicleCommandAck.msg,1720,0o664,c3b3f42ef255678d0b112435183ba546ba772abd74e498448f8294c520ed3b8c
src/px4_msgs/msg/SensorHygrometer.msg,autosystem_platform_ws/utilities_pkg/px4_msgs/msg/SensorHygrometer.msg,321,0o664,af21bb5fa17efcb2f6e47c16cca92090af84dfd1eb157f66f8eafa94bf76f88a
src/px4_msgs/msg/ActuatorMotors.msg,autosystem_platform_ws/utilities_pkg/px4_msgs/msg/ActuatorMotors.msg,592,0o664,a5cf96ce35aa90526ed4acce9bcfc221cb696e6910985561cf205060aa88df8b
src/px4_msgs/msg/VehicleOdometry.msg,autosystem_platform_ws/utilities_pkg/px4_msgs/msg/VehicleOdometry.msg,1419,0o664,7d6ddeea5c0254fd70d0e86b77350ad5aa5ad45ae1ab736243a6fe5f3175bc41
src/px4_msgs/msg/FlightPhaseEstimation.msg,autosystem_platform_ws/utilities_pkg/px4_msgs/msg/FlightPhaseEstimation.msg,362,0o664,0319f1da07969ccbfa14c47c5874747454c6b3c1c10e7c0bb15f1e7dd6ed894a
src/px4_msgs/msg/DebugKeyValue.msg,autosystem_platform_ws/utilities_pkg/px4_msgs/msg/DebugKeyValue.msg,161,0o664,4bd455d2a14f90bf0544ac487eeb456e4540073f4b07a0f67add32a7686a2a68
src/px4_msgs/msg/ActuatorTest.msg,autosystem_platform_ws/utilities_pkg/px4_msgs/msg/ActuatorTest.msg,927,0o664,1759911ec0e7754bf3e039a3853b4d5063fff46aea685901e2a4890547f1ff4a
src/px4_msgs/msg/RoverPositionSetpoint.msg,autosystem_platform_ws/utilities_pkg/px4_msgs/msg/RoverPositionSetpoint.msg,313,0o664,ad26f33dcd2eed1fdf3ab73c12682e4609f47498b3b75f5893028d8f39445502
src/px4_msgs/msg/OrbTestMedium.msg,autosystem_platform_ws/utilities_pkg/px4_msgs/msg/OrbTestMedium.msg,240,0o664,9e507d435a81e4310a043b54d73ade15b2826dc8d16006931431f0641e2a1a58
src/px4_msgs/msg/ActuatorServosTrim.msg,autosystem_platform_ws/utilities_pkg/px4_msgs/msg/ActuatorServosTrim.msg,168,0o664,98a7f8ac598ac450e13034b5c115164b72b5a1c9aedb383066e3a6a83f65d3a0
src/px4_msgs/msg/CameraTrigger.msg,autosystem_platform_ws/utilities_pkg/px4_msgs/msg/CameraTrigger.msg,206,0o664,93a0295badd0cb7ac1d8f1118cd6172facb52d6e785e0a6ab8c79c477c80c955
src/px4_msgs/msg/MessageFormatRequest.msg,autosystem_platform_ws/utilities_pkg/px4_msgs/msg/MessageFormatRequest.msg,498,0o664,d529205eeaa021dd59fc75f3c2b3ab97f972f5ea95587cd18633d85f4ca957d8
src/px4_msgs/msg/GimbalManagerInformation.msg,autosystem_platform_ws/utilities_pkg/px4_msgs/msg/GimbalManagerInformation.msg,1016,0o664,5e7060603eef3cbf0142bd1eabb3faac177f28bf9b791d8dd1a365ef8fadca20
src/px4_msgs/msg/TrajectorySetpoint6dof.msg,autosystem_platform_ws/utilities_pkg/px4_msgs/msg/TrajectorySetpoint6dof.msg,503,0o664,67aad281f2a2bfe0ef9a1e6ae6b0ae145ef3c3b16d1a7ae77370f2aaac1ec08d
src/px4_msgs/msg/ParameterSetValueRequest.msg,autosystem_platform_ws/utilities_pkg/px4_msgs/msg/ParameterSetValueRequest.msg,427,0o664,ff054adb695c5ff7a680ecda38355f440d541144a95646bf4d94f39cf429dfd4
src/px4_msgs/msg/ParameterSetValueResponse.msg,autosystem_platform_ws/utilities_pkg/px4_msgs/msg/ParameterSetValueResponse.msg,299,0o664,96ee73a98916bdca14d2509a83127c71fb7197e74e91ad301c74be875259198b
src/px4_msgs/msg/PositionControllerLandingStatus.msg,autosystem_platform_ws/utilities_pkg/px4_msgs/msg/PositionControllerLandingStatus.msg,680,0o664,352afe2252c0c08bf31a9abdef42817be7be797d065d5ef363f7e69d4c064dc7
src/px4_msgs/msg/VehicleMagnetometer.msg,autosystem_platform_ws/utilities_pkg/px4_msgs/msg/VehicleMagnetometer.msg,424,0o664,d8ac3f5c0711f33d91a3b4736454d9f350bae122e4e6567f0df7f5667d114acb
src/px4_msgs/msg/Airspeed.msg,autosystem_platform_ws/utilities_pkg/px4_msgs/msg/Airspeed.msg,307,0o664,9d877729e8b6e598ad80e9ee6038e154a12a24b87e3318474c5c3a91876643fe
src/px4_msgs/msg/DifferentialPressure.msg,autosystem_platform_ws/utilities_pkg/px4_msgs/msg/DifferentialPressure.msg,497,0o664,5290da3f825a8dcb0c1f023acc5e830a3d9dc784ae36ac7998b5ddaa74ae745b
src/px4_msgs/msg/RoverVelocityStatus.msg,autosystem_platform_ws/utilities_pkg/px4_msgs/msg/RoverVelocityStatus.msg,852,0o664,0679de10663cbd3e83112b95aa0fffcf5eb68e15cf3e58b4371e7bd1468bc7de
src/px4_msgs/msg/LoggerStatus.msg,autosystem_platform_ws/utilities_pkg/px4_msgs/msg/LoggerStatus.msg,732,0o664,506671a58a4def87c8f5ccc9f808faf8d11a17e238caa7cec102a0cc78df2e8f
src/px4_msgs/msg/MessageFormatResponse.msg,autosystem_platform_ws/utilities_pkg/px4_msgs/msg/MessageFormatResponse.msg,376,0o664,0a8350e515194727ac46d82e637a965a80a458c082afa65b6775af479540996e
src/px4_msgs/msg/SensorGnssRelative.msg,autosystem_platform_ws/utilities_pkg/px4_msgs/msg/SensorGnssRelative.msg,1978,0o664,cee641875e365a9dab105a18cd77687df8bcbdf0e049513a100ff2d3ee0b410c
src/px4_msgs/msg/YawEstimatorStatus.msg,autosystem_platform_ws/utilities_pkg/px4_msgs/msg/YawEstimatorStatus.msg,591,0o664,fadb4256edee20819637de979e091932d3417d96344abf62f4a4cd54a0e305b0
src/px4_msgs/msg/SystemPower.msg,autosystem_platform_ws/utilities_pkg/px4_msgs/msg/SystemPower.msg,955,0o664,f27a65fb800e4e2dbcd959239c94692a129af2ec459ceeac3d92c12b3f8aba03
src/px4_msgs/msg/VehicleImuStatus.msg,autosystem_platform_ws/utilities_pkg/px4_msgs/msg/VehicleImuStatus.msg,1293,0o664,f166cf6d8f5bbd1b7439a0f40092cf70273c58e60c90d92b929bdea42d62e206
src/px4_msgs/msg/EstimatorStatus.msg,autosystem_platform_ws/utilities_pkg/px4_msgs/msg/EstimatorStatus.msg,9036,0o664,51effe58d60bc01a1ade594efd636ae9e7f04dbee87103c8f31ff5d873e389d0
src/px4_msgs/msg/GpioIn.msg,autosystem_platform_ws/utilities_pkg/px4_msgs/msg/GpioIn.msg,148,0o664,21125aa377500a24f052af49213eb9390b3c4d7334f932bae2823a29c485c89e
src/px4_msgs/msg/CellularStatus.msg,autosystem_platform_ws/utilities_pkg/px4_msgs/msg/CellularStatus.msg,2466,0o664,e3804bce8e051b4925fece9e8f792d76c873432f3b0b6576ab4c944c15c94564
src/px4_msgs/msg/UavcanParameterRequest.msg,autosystem_platform_ws/utilities_pkg/px4_msgs/msg/UavcanParameterRequest.msg,1007,0o664,203689ecb37ef050db3b576a98003d242d19813887d4064e1e78284f5618dbeb
src/px4_msgs/msg/OrbTestLarge.msg,autosystem_platform_ws/utilities_pkg/px4_msgs/msg/OrbTestLarge.msg,87,0o664,881e2bd7bc5a5291bc7297e3b9fa37a984b0b581f2b804aafb0e80c8eccb7d4a
src/px4_msgs/msg/VehicleAngularAccelerationSetpoint.msg,autosystem_platform_ws/utilities_pkg/px4_msgs/msg/VehicleAngularAccelerationSetpoint.msg,253,0o664,9bfbe4cebf729c29566f38dba4d092e70c180d1233797ff7c26a05797704dce4
src/px4_msgs/msg/GpsInjectData.msg,autosystem_platform_ws/utilities_pkg/px4_msgs/msg/GpsInjectData.msg,401,0o664,7b151f2d22056117c9dfe5e3c75b6f0cbc0434344aed4d6ab540e9ac43b6d347
src/px4_msgs/msg/DebugValue.msg,autosystem_platform_ws/utilities_pkg/px4_msgs/msg/DebugValue.msg,168,0o664,c6e0b7362780775566f437feeaba01c3f6dbd509a36ec6250080ed051e32f0ed
src/px4_msgs/msg/EstimatorAidSource1d.msg,autosystem_platform_ws/utilities_pkg/px4_msgs/msg/EstimatorAidSource1d.msg,882,0o664,de37c10bf282c9d844d984e8a9a73536dd9e9e3c7b46e7bb9ef0fcf18c9149ee
src/px4_msgs/msg/GimbalDeviceSetAttitude.msg,autosystem_platform_ws/utilities_pkg/px4_msgs/msg/GimbalDeviceSetAttitude.msg,419,0o664,26643dad664d65073439d9ac8242ea771753f9b75651bbd20758a412e361d614
src/px4_msgs/msg/EstimatorStates.msg,autosystem_platform_ws/utilities_pkg/px4_msgs/msg/EstimatorStates.msg,302,0o664,cc17e503d46578a275e1248e92490e431a94ecd8bc32fd807c239a4e1d5f1780
src/px4_msgs/msg/ParameterSetUsedRequest.msg,autosystem_platform_ws/utilities_pkg/px4_msgs/msg/ParameterSetUsedRequest.msg,170,0o664,d72c332af343dad3ab2b5fbdc712a9f53da90eb08fac9841061b67a655241ee0
src/px4_msgs/msg/SensorGyro.msg,autosystem_platform_ws/utilities_pkg/px4_msgs/msg/SensorGyro.msg,704,0o664,03771583b942c4755e4ed102601b0246ac3ccdacba3bfd6cd1175680e2df0e69
src/px4_msgs/msg/OnboardComputerStatus.msg,autosystem_platform_ws/utilities_pkg/px4_msgs/msg/OnboardComputerStatus.msg,1654,0o664,4a7142a74719b1b56bdbac153e26c91bb3244a0febcac8869203576bae242998
src/px4_msgs/msg/MissionResult.msg,autosystem_platform_ws/utilities_pkg/px4_msgs/msg/MissionResult.msg,1176,0o664,a67f9f881bcf3a69e2de3af5f3b130abc721cc468e834d2f2073b475c88b6254
src/px4_msgs/msg/FuelTankStatus.msg,autosystem_platform_ws/utilities_pkg/px4_msgs/msg/FuelTankStatus.msg,1567,0o664,bae1a8207241ef7113753f830d50cec526defe05acf45469d37fdea8ddefb454
src/px4_msgs/msg/DebugVect.msg,autosystem_platform_ws/utilities_pkg/px4_msgs/msg/DebugVect.msg,219,0o664,7d1cec795879aac4111353732e6140604204343b4fcc96029c9fa1ebe2903339
src/px4_msgs/msg/UavcanParameterValue.msg,autosystem_platform_ws/utilities_pkg/px4_msgs/msg/UavcanParameterValue.msg,501,0o664,90fd5600ca92bc71f317db46e1938ecba772e15aafc5accd280e513e0919da68
src/px4_msgs/msg/LandingGear.msg,autosystem_platform_ws/utilities_pkg/px4_msgs/msg/LandingGear.msg,197,0o664,935cc0bbaeea7205b6f2187808e9812ae2b3385e8ad680c17a17fceef4afc67b
src/px4_msgs/msg/RegisterExtComponentReply.msg,autosystem_platform_ws/utilities_pkg/px4_msgs/msg/RegisterExtComponentReply.msg,462,0o664,e592fcf3cf37610d52ec5a43a91291dbd4217b6892023f1c98401403a4cd7687
src/px4_msgs/msg/RcParameterMap.msg,autosystem_platform_ws/utilities_pkg/px4_msgs/msg/RcParameterMap.msg,786,0o664,2c26d0b03569e03c5627dad38dfd2846ec891f94b1c9b37562c7125d71fb1aa0
src/px4_msgs/msg/UlogStream.msg,autosystem_platform_ws/utilities_pkg/px4_msgs/msg/UlogStream.msg,746,0o664,f5cc70713b624b061b2b98e497cc61c4fc1c50769cb0095a4d935a4106833bb1
src/px4_msgs/msg/RegisterExtComponentRequest.msg,autosystem_platform_ws/utilities_pkg/px4_msgs/msg/RegisterExtComponentRequest.msg,1163,0o664,fac8344370b1a34c56a6d25fa5cf8688cde83dc306fc2f09bc9a56ae090c4c8e
src/px4_msgs/msg/Px4ioStatus.msg,autosystem_platform_ws/utilities_pkg/px4_msgs/msg/Px4ioStatus.msg,991,0o664,64aad6dc15bc77f3e639376296e47c558ed86194cd1d7f491f959fbf4fe8eebc
src/px4_msgs/msg/GotoSetpoint.msg,autosystem_platform_ws/utilities_pkg/px4_msgs/msg/GotoSetpoint.msg,1206,0o664,0dee6489a796cd397f745a0ede89d06aaf0e42e6b4fe2ad89fbbfe090124bc3b
src/px4_msgs/msg/SensorGyroFft.msg,autosystem_platform_ws/utilities_pkg/px4_msgs/msg/SensorGyroFft.msg,537,0o664,6559e37c33084f71fda2aa02bde38ac1ab1d2dd7d8fff48778cf8b406f507601
src/px4_msgs/msg/NavigatorMissionItem.msg,autosystem_platform_ws/utilities_pkg/px4_msgs/msg/NavigatorMissionItem.msg,1215,0o664,70935ff0fa0b21f9b61e3b48b690a27d2026e4c803b2964600b74b81446f2fbe
src/px4_msgs/msg/NormalizedUnsignedSetpoint.msg,autosystem_platform_ws/utilities_pkg/px4_msgs/msg/NormalizedUnsignedSetpoint.msg,158,0o664,4cf57f7eab0d9f4c8f09ca75764a6c44a629c8c7bfc8b64481f489d524ecdb11
src/px4_msgs/msg/GimbalDeviceAttitudeStatus.msg,autosystem_platform_ws/utilities_pkg/px4_msgs/msg/GimbalDeviceAttitudeStatus.msg,508,0o664,a71605419e7959ff805f641f1b417cfe326f2c964cdef51c8ceca81635984cd4
src/px4_msgs/msg/MagnetometerBiasEstimate.msg,autosystem_platform_ws/utilities_pkg/px4_msgs/msg/MagnetometerBiasEstimate.msg,315,0o664,10d58919c4618b3b86eb5503a4803515a7b074975453c74ef0694ea3a304cae6
src/px4_msgs/msg/PurePursuitStatus.msg,autosystem_platform_ws/utilities_pkg/px4_msgs/msg/PurePursuitStatus.msg,588,0o664,2cc72918ad5058b478db5dc0b609f64dc0538a582951dcecb8363ca60e2c72ee
src/px4_msgs/msg/PositionControllerStatus.msg,autosystem_platform_ws/utilities_pkg/px4_msgs/msg/PositionControllerStatus.msg,521,0o664,c0ee08097ec7ee6e473d9d9b2f7d461cbf7b7b3b67afc53aa85cac356d990fd4
src/px4_msgs/msg/OffboardControlMode.msg,autosystem_platform_ws/utilities_pkg/px4_msgs/msg/OffboardControlMode.msg,205,0o664,8bd6fa373300e5bd35ade9d34ba0e1f470b880bf5d5b2f5c9316957bbe2a40e7
src/px4_msgs/msg/LaunchDetectionStatus.msg,autosystem_platform_ws/utilities_pkg/px4_msgs/msg/LaunchDetectionStatus.msg,448,0o664,c9552ba951df3cfaee98ba8886377b50b990b5c775e16a85a9c5cb63ad4e0387
src/px4_msgs/msg/TelemetryStatus.msg,autosystem_platform_ws/utilities_pkg/px4_msgs/msg/TelemetryStatus.msg,2400,0o664,2075bd7cf484dba5375464e6ca5c820bc982d34e30d2ff8fa382e748726ecda4
src/px4_msgs/msg/CameraCapture.msg,autosystem_platform_ws/utilities_pkg/px4_msgs/msg/CameraCapture.msg,550,0o664,b22a56db9adb1f82a04638909e537dbdfe383627e0d1ab6a86649e882f5474b4
src/px4_msgs/msg/TecsStatus.msg,autosystem_platform_ws/utilities_pkg/px4_msgs/msg/TecsStatus.msg,1843,0o664,47e6ef1448b98b6036856bb78e3d6b33ea4c59cb3c70d63f15822a6f98b7bd7d
src/px4_msgs/msg/CameraStatus.msg,autosystem_platform_ws/utilities_pkg/px4_msgs/msg/CameraStatus.msg,204,0o664,95a5e6b83b5f908fca6c4424807f6336d9f458ff58e90425958fd98f5d494985
src/px4_msgs/msg/HeaterStatus.msg,autosystem_platform_ws/utilities_pkg/px4_msgs/msg/HeaterStatus.msg,371,0o664,492abb629fe52db6d9fad41dbcfe83fbf075e7b81b65463858aec06605d71a18
src/px4_msgs/msg/MavlinkLog.msg,autosystem_platform_ws/utilities_pkg/px4_msgs/msg/MavlinkLog.msg,177,0o664,a555166dcb9573ff553ab8937c1fc96635424c19231a95c9bd9de8bb02df1722
src/px4_msgs/msg/ArmingCheckRequest.msg,autosystem_platform_ws/utilities_pkg/px4_msgs/msg/ArmingCheckRequest.msg,180,0o664,ad5a75045748f9d75d3e288be511c314a5465fa3872f91975b0a0f4fd428667e
src/px4_msgs/msg/PwmInput.msg,autosystem_platform_ws/utilities_pkg/px4_msgs/msg/PwmInput.msg,245,0o664,0817f29b8638fde4c52ee76f544d942cb004d4088461df7c88592a77fce4971d
src/px4_msgs/msg/EstimatorAidSource3d.msg,autosystem_platform_ws/utilities_pkg/px4_msgs/msg/EstimatorAidSource3d.msg,750,0o664,aca94730f9da756cae40f45b517c37fc76312231b8cb5e343bab2cbe18322e5c
src/px4_msgs/msg/ObstacleDistance.msg,autosystem_platform_ws/utilities_pkg/px4_msgs/msg/ObstacleDistance.msg,1426,0o664,25d0af337b37f9e5389c0faf254c8d1842b04453455989bd122b09a39ec424de
src/px4_msgs/msg/RoverSteeringSetpoint.msg,autosystem_platform_ws/utilities_pkg/px4_msgs/msg/RoverSteeringSetpoint.msg,379,0o664,c71f71c33144eb435394fbc88a9834e6d220b2d7af4215dc190979a56d58bcde
src/px4_msgs/msg/RoverThrottleSetpoint.msg,autosystem_platform_ws/utilities_pkg/px4_msgs/msg/RoverThrottleSetpoint.msg,297,0o664,d7263c5fbc7d455c3646146f74a170d0365aa301814e6afadb05bf93f2432705
src/px4_msgs/msg/RoverVelocitySetpoint.msg,autosystem_platform_ws/utilities_pkg/px4_msgs/msg/RoverVelocitySetpoint.msg,363,0o664,325f970c2df70081076bf3ac839d74a39b549f37441319e0a8b8832ccbd3a3b8
src/px4_msgs/msg/SensorMag.msg,autosystem_platform_ws/utilities_pkg/px4_msgs/msg/SensorMag.msg,549,0o664,98ab9ac12e0557fabafa6708070f1bd152c9e8f8db6c9ba54b54949197344cd0
src/px4_msgs/msg/SensorCorrection.msg,autosystem_platform_ws/utilities_pkg/px4_msgs/msg/SensorCorrection.msg,2631,0o664,ca2eeaf165e57cab1cf7f0df46ca295ac6c41d1a8e72e737439c7fe2e88a87fc
src/px4_msgs/msg/SensorOpticalFlow.msg,autosystem_platform_ws/utilities_pkg/px4_msgs/msg/SensorOpticalFlow.msg,1384,0o664,d72384ecf3f4c0aa79e8d67cfe503a4759cd1fbc9cb9605a08edc12a1fb57824
src/px4_msgs/msg/SensorAirflow.msg,autosystem_platform_ws/utilities_pkg/px4_msgs/msg/SensorAirflow.msg,363,0o664,9581ccac1dc03157a9087e12b6052210b7f945bdc2d54f6689df2e0976170a97
src/px4_msgs/msg/EscReport.msg,autosystem_platform_ws/utilities_pkg/px4_msgs/msg/EscReport.msg,1496,0o664,f2300d7270d11fe530748fdf9a7e16093be9620f9c6809f546f20d2aea20084d
src/px4_msgs/msg/EstimatorSensorBias.msg,autosystem_platform_ws/utilities_pkg/px4_msgs/msg/EstimatorSensorBias.msg,1737,0o664,156825ca89c9f241aff8a9ca01100c9f837be4c2183fc7c156fc2037e021020f
src/px4_msgs/msg/QshellRetval.msg,autosystem_platform_ws/utilities_pkg/px4_msgs/msg/QshellRetval.msg,101,0o664,3741998b0e2136a2fb413b8a3fbf372ac58fc96050dcc7412a457f68f54f8aa7
src/px4_msgs/msg/VehicleAirData.msg,autosystem_platform_ws/utilities_pkg/px4_msgs/msg/VehicleAirData.msg,774,0o664,f40cad98b09a15c49cd2a4c13dc68f174b569db2cdf717edec074078ad02a0b1
src/px4_msgs/msg/MavlinkTunnel.msg,autosystem_platform_ws/utilities_pkg/px4_msgs/msg/MavlinkTunnel.msg,1997,0o664,8c44046926297f4dbc032d323708622c6bebf627a905e52ea266fb3232358148
src/px4_msgs/msg/ActuatorOutputs.msg,autosystem_platform_ws/utilities_pkg/px4_msgs/msg/ActuatorOutputs.msg,406,0o664,18baa5261a3bf906e65beee3470db943c8b7fb5aa36551ccc4ab6f732c6a2cdd
src/px4_msgs/msg/ModeCompleted.msg,autosystem_platform_ws/utilities_pkg/px4_msgs/msg/ModeCompleted.msg,557,0o664,b5b889f1a54e4f66d3c7c42847adcf68b26491ddf528fb47e4daea4440ff1eeb
src/px4_msgs/msg/PowerButtonState.msg,autosystem_platform_ws/utilities_pkg/px4_msgs/msg/PowerButtonState.msg,524,0o664,867ceab681b64079356f435676bd74ede6354a6c3d9fe65cf7ca89bae8442d97
src/px4_msgs/msg/AutotuneAttitudeControlStatus.msg,autosystem_platform_ws/utilities_pkg/px4_msgs/msg/AutotuneAttitudeControlStatus.msg,818,0o664,101217ff13de87b252569f14a98fa638d95378f9fd64c0ba66a42ebb8b14ab57
src/px4_msgs/msg/SensorUwb.msg,autosystem_platform_ws/utilities_pkg/px4_msgs/msg/SensorUwb.msg,1639,0o664,c5f5ad86e97d5ada515d0032742340493b34e17f9ce9d1f84e5dfa0038896a87
src/px4_msgs/msg/EstimatorAidSource2d.msg,autosystem_platform_ws/utilities_pkg/px4_msgs/msg/EstimatorAidSource2d.msg,865,0o664,6f79a92ef4009a5a5a82834033baafd8ddd724512bcb069607ab0ca286a002ae
src/px4_msgs/msg/SatelliteInfo.msg,autosystem_platform_ws/utilities_pkg/px4_msgs/msg/SatelliteInfo.msg,684,0o664,a564fc7d247c7c1398528066cb044c5ffff959a8f46705d1e9eb9d60c655ad3c
src/px4_msgs/msg/CanInterfaceStatus.msg,autosystem_platform_ws/utilities_pkg/px4_msgs/msg/CanInterfaceStatus.msg,127,0o664,3043c2c27a215263e0dbdfcf05f08615121a94bbfb78acc548565b5ac1ee8d63
src/px4_msgs/msg/GpioConfig.msg,autosystem_platform_ws/utilities_pkg/px4_msgs/msg/GpioConfig.msg,776,0o664,29d4cb814ae8a793782a2fa21b330264a537e0c3305e737ae2690327ab54f779
src/px4_msgs/msg/VehicleThrustSetpoint.msg,autosystem_platform_ws/utilities_pkg/px4_msgs/msg/VehicleThrustSetpoint.msg,355,0o664,80c17f7b35173388aaf90da7447a348a96962274a00610da6a55295916e0c42e
src/px4_msgs/msg/VehicleImu.msg,autosystem_platform_ws/utilities_pkg/px4_msgs/msg/VehicleImu.msg,1371,0o664,36cd02728d1f825bb7da37e03624b8e2e7d055ae76aae1576aaffad6197d92bb
src/px4_msgs/msg/OpenDroneIdOperatorId.msg,autosystem_platform_ws/utilities_pkg/px4_msgs/msg/OpenDroneIdOperatorId.msg,81,0o664,3a3f2070ee2ac510304311d92da9e5a3b42aae9349e97f322654feb8b36b0d13
src/px4_msgs/msg/VehicleAttitudeSetpoint.msg,autosystem_platform_ws/utilities_pkg/px4_msgs/msg/VehicleAttitudeSetpoint.msg,817,0o664,372c9fbc9f30077e690648800aa374406f74b9481274fc6f9fbf94b12b686831
src/px4_msgs/msg/VehicleAcceleration.msg,autosystem_platform_ws/utilities_pkg/px4_msgs/msg/VehicleAcceleration.msg,241,0o664,6ce08d0cb509df2b2db63518c4657b9df8c48e8626e1723d0684070de143c881
src/px4_msgs/msg/VehicleOpticalFlow.msg,autosystem_platform_ws/utilities_pkg/px4_msgs/msg/VehicleOpticalFlow.msg,1256,0o664,21d28d74298ee18dc468392c19108e4d642072caaf7f7e93ff270de733041a63
src/px4_msgs/msg/VehicleControlMode.msg,autosystem_platform_ws/utilities_pkg/px4_msgs/msg/VehicleControlMode.msg,1260,0o664,7aefe90197d96024c4e4c5a9f71e5dba1ad9b6f6a16b272e81f81329bb012bcd
src/px4_msgs/msg/GeofenceResult.msg,autosystem_platform_ws/utilities_pkg/px4_msgs/msg/GeofenceResult.msg,843,0o664,dbde76c6802b4f3388a7094534249c40ab18059bd206aff90ab4f4adfb284250
src/px4_msgs/msg/Rpm.msg,autosystem_platform_ws/utilities_pkg/px4_msgs/msg/Rpm.msg,202,0o664,26d304984ad5b90ef07d14fc3a1978d2c3c72aaa25194af3474ac3fd0ad339f4
src/px4_msgs/msg/UnregisterExtComponent.msg,autosystem_platform_ws/utilities_pkg/px4_msgs/msg/UnregisterExtComponent.msg,390,0o664,9058ad510bebfeb3e1f119695369a2a62244e3b47f14224f20f4eaa576adf934
src/px4_msgs/msg/DistanceSensor.msg,autosystem_platform_ws/utilities_pkg/px4_msgs/msg/DistanceSensor.msg,2124,0o664,4d50a87a77bdf3de8b2487b250f5872c5527e08117c2aa50122c158c8d101263
src/px4_msgs/msg/TiltrotorExtraControls.msg,autosystem_platform_ws/utilities_pkg/px4_msgs/msg/TiltrotorExtraControls.msg,268,0o664,9f7c2b193705481f70d0e8534b5e64adac1506688237dcb3f871151757673903
src/px4_msgs/msg/ParameterUpdate.msg,autosystem_platform_ws/utilities_pkg/px4_msgs/msg/ParameterUpdate.msg,326,0o664,c0b62a2939caf52f20bbb53aaa1b6118dfeed1475cc7552fc3cc3a8e835585f5
src/px4_msgs/msg/ActuatorArmed.msg,autosystem_platform_ws/utilities_pkg/px4_msgs/msg/ActuatorArmed.msg,615,0o664,a2823d100260513f17a15a0c41045d23892430d2d5c2634f8c598201a7e27b17
src/px4_msgs/msg/Mission.msg,autosystem_platform_ws/utilities_pkg/px4_msgs/msg/Mission.msg,915,0o664,dac49ab119b247c6f24d31806c0f456cd993265005ede79d74e0b94a24dea57a
src/px4_msgs/msg/VehicleRatesSetpoint.msg,autosystem_platform_ws/utilities_pkg/px4_msgs/msg/VehicleRatesSetpoint.msg,630,0o664,ffd2818487ed90b95908a20b967a6ec4357a922aa59ca00919b01638f06a6c58
src/px4_msgs/msg/PositionSetpointTriplet.msg,autosystem_platform_ws/utilities_pkg/px4_msgs/msg/PositionSetpointTriplet.msg,258,0o664,f41f65ef32dccae829c4b02ec3d5596540ad39692d43ed2d72f648b0cb4cadc0
src/px4_msgs/msg/DistanceSensorModeChangeRequest.msg,autosystem_platform_ws/utilities_pkg/px4_msgs/msg/DistanceSensorModeChangeRequest.msg,176,0o664,ebd5026fa37843bc7e7400247a69dc1288fca536a63abc9189cdb82ad80faae7
src/px4_msgs/msg/AirspeedWind.msg,autosystem_platform_ws/utilities_pkg/px4_msgs/msg/AirspeedWind.msg,1487,0o664,45958141e1e8f0a68af4059c19d7ecbc75e91f41d52a174cebb411acc1c40b55
src/px4_msgs/msg/VehicleConstraints.msg,autosystem_platform_ws/utilities_pkg/px4_msgs/msg/VehicleConstraints.msg,326,0o664,bf70f44e4a4e15eaee9167d25bb10e8a483dd26cf75eb2a48b33847c03fdb324
src/px4_msgs/msg/FollowTargetEstimator.msg,autosystem_platform_ws/utilities_pkg/px4_msgs/msg/FollowTargetEstimator.msg,788,0o664,96109ae9fad3f6ef144fd5a96d7f04a91a9cb912fed3159443209842c663ca6f
src/px4_msgs/msg/DatamanResponse.msg,autosystem_platform_ws/utilities_pkg/px4_msgs/msg/DatamanResponse.msg,386,0o664,e3f4a644386e556d7cf2b9074fff7ea2f9ea85d07bb72365b5b31ba82ff18511
src/px4_msgs/msg/EscStatus.msg,autosystem_platform_ws/utilities_pkg/px4_msgs/msg/EscStatus.msg,1376,0o664,7c1d9298d6b8cc5e90a98fc4d2093165270c413ded649115c60fb9851ef89f7b
src/px4_msgs/msg/ManualControlSetpoint.msg,autosystem_platform_ws/utilities_pkg/px4_msgs/msg/ManualControlSetpoint.msg,1763,0o664,73a320c1957efeba07914dc54695e1f20d874b577e7eed430d7d2ff04ae1e950
src/px4_msgs/msg/WheelEncoders.msg,autosystem_platform_ws/utilities_pkg/px4_msgs/msg/WheelEncoders.msg,155,0o664,fc8becb5d133787e03c4d0c5ab3d1491f116aa01300a225531916596c05fed59
src/px4_msgs/msg/Ping.msg,autosystem_platform_ws/utilities_pkg/px4_msgs/msg/Ping.msg,379,0o664,a62ee003c961b4ccc2389b455b629c6ab9544cc0c618c4b39951ac891a78040a
src/px4_msgs/msg/SensorsStatusImu.msg,autosystem_platform_ws/utilities_pkg/px4_msgs/msg/SensorsStatusImu.msg,696,0o664,942584728e9352c90e54ba4b8243b968f3c02a0b64133d96181d427c79c9c3f6
src/px4_msgs/msg/MountOrientation.msg,autosystem_platform_ws/utilities_pkg/px4_msgs/msg/MountOrientation.msg,151,0o664,b9c2a30fc5d5f91b3b9ebf25edf08d3bfda2dd31cf5ff8fbd2076497002aa27b
src/px4_msgs/msg/ActuatorServos.msg,autosystem_platform_ws/utilities_pkg/px4_msgs/msg/ActuatorServos.msg,402,0o664,75fcac3403d4a53797bdf553d63b54cd742fb361787faabb0408226a0ede3625
src/px4_msgs/msg/EstimatorBias.msg,autosystem_platform_ws/utilities_pkg/px4_msgs/msg/EstimatorBias.msg,638,0o664,19c7042e2284276bb0d05e3211d0ec78e7f8579f5098c21dc8046d4735301d86
src/px4_msgs/msg/ConfigOverrides.msg,autosystem_platform_ws/utilities_pkg/px4_msgs/msg/ConfigOverrides.msg,705,0o664,60d348cd031289589925a07eb0a1235fbda568de65c6d0581f79c742b56aadf7
src/px4_msgs/README.md,autosystem_platform_ws/utilities_pkg/px4_msgs/README.md,4815,0o664,9907a0ba73db29281b71029712489e9c267b11036335a83546cffa5104daa635
src/px4_msgs/LICENSE,autosystem_platform_ws/utilities_pkg/px4_msgs/LICENSE,1520,0o664,1757308f1a82f6203bc448a11462f22b8466b4bdd59bc3dce97f01a478cd4d2d
src/px4_msgs/package.xml,autosystem_platform_ws/utilities_pkg/px4_msgs/package.xml,908,0o664,f4cb8d98daffc33cc9ca2dd895f83b156ed07fdb54a133088c075edea4ab576d
src/px4_msgs/srv/VehicleCommand.srv,autosystem_platform_ws/utilities_pkg/px4_msgs/srv/VehicleCommand.srv,51,0o664,86e14ec9e82dd69a1390406f1fa1ac3e91895031966f23f24de4351bb9af4424
src/px4_msgs/CMakeLists.txt,autosystem_platform_ws/utilities_pkg/px4_msgs/CMakeLists.txt,1139,0o664,a601151cecf3a5aa31cea1a24b15ae170e13d38cfb3f5b2fe8ad4c0dce35be59
src/uav_waypoint_mission/README.md,autosystem_platform_ws/utilities_pkg/uav_waypoint_mission/README.md,7635,0o664,6586d57f1ed0d556b63775558ae683b631d41f0ecb422397073a3ba5d7feb6ac
src/uav_waypoint_mission/test/test_flake8.py,autosystem_platform_ws/utilities_pkg/uav_waypoint_mission/test/test_flake8.py,884,0o664,37a813a0507f0ce51a2d0b57312d2cc078a0307a3ca85580ea801b0d2f9755d2
src/uav_waypoint_mission/test/test_pep257.py,autosystem_platform_ws/utilities_pkg/uav_waypoint_mission/test/test_pep257.py,803,0o664,e8b88d49ee296987b1b40069f81019b5fa09b1aa1bfee9a1faae45bb5cf53eda
src/uav_waypoint_mission/test/test_copyright.py,autosystem_platform_ws/utilities_pkg/uav_waypoint_mission/test/test_copyright.py,962,0o664,ea71bbbc6247b5c14d176ed09f39ee274d563cc9b2ec355828ea451ceff31757
src/uav_waypoint_mission/uav_waypoint_mission/uav_waypoint_node.py,autosystem_platform_ws/utilities_pkg/uav_waypoint_mission/uav_waypoint_mission/uav_waypoint_node.py,27423,0o775,dee267f4a563f3313cc1b5da17eb9bddea0d2fc0e789d2dc944498b7d9d8976f
src/uav_waypoint_mission/uav_waypoint_mission/__init__.py,autosystem_platform_ws/utilities_pkg/uav_waypoint_mission/uav_waypoint_mission/__init__.py,0,0o664,e3b0c44298fc1c149afbf4c8996fb92427ae41e4649b934ca495991b7852b855
src/uav_waypoint_mission/package.xml,autosystem_platform_ws/utilities_pkg/uav_waypoint_mission/package.xml,691,0o664,090ad15125f51c7552b165e7dd84bbbee379663d1972f3cd362d47ae3a9c0f32
src/uav_waypoint_mission/setup.py,autosystem_platform_ws/utilities_pkg/uav_waypoint_mission/setup.py,953,0o664,5546b5474aa25ba2e54d1def1520d42433a60ac57856146b9ded7a5d08abd2a9
src/uav_waypoint_mission/config/waypoints.csv,autosystem_platform_ws/utilities_pkg/uav_waypoint_mission/config/waypoints.csv,468,0o664,cefdfefd2df793c788953db8f1b9c53b36f3bf8744c1d3a5f3b7802d8576dcd9
src/uav_waypoint_mission/setup.cfg,autosystem_platform_ws/utilities_pkg/uav_waypoint_mission/setup.cfg,109,0o664,147c562030526834284bd9d142810b082159453e2bd50fb99af788cc46ccbd26
src/uav_waypoint_mission/resource/uav_waypoint_mission,autosystem_platform_ws/utilities_pkg/uav_waypoint_mission/resource/uav_waypoint_mission,0,0o664,e3b0c44298fc1c149afbf4c8996fb92427ae41e4649b934ca495991b7852b855
src/uav_waypoint_mission/launch/waypoint_mission.launch.py,autosystem_platform_ws/utilities_pkg/uav_waypoint_mission/launch/waypoint_mission.launch.py,4546,0o664,2eab20297014cecefdeaf6596baba79be1f310cf51efb87e652e383982a869bb
src/gazebo_env_setup/src/pose_tf_broadcaster.cpp,autosystem_platform_ws/utilities_pkg/gazebo_env_setup/src/pose_tf_broadcaster.cpp,4081,0o664,b438b31d04d2a20c2bbd8b8d194fdf2b637ceba3d14f52e3eb19a2ffdde5ebfb
src/gazebo_env_setup/src/mission_timer.cpp,autosystem_platform_ws/utilities_pkg/gazebo_env_setup/src/mission_timer.cpp,5050,0o664,01375a9ec1d0cbe75c8647021e4e195aa3a0205ec37e679e041800009dac729a
src/gazebo_env_setup/src/competition_observer.cpp,autosystem_platform_ws/utilities_pkg/gazebo_env_setup/src/competition_observer.cpp,0,0o664,e3b0c44298fc1c149afbf4c8996fb92427ae41e4649b934ca495991b7852b855
src/gazebo_env_setup/package.xml,autosystem_platform_ws/utilities_pkg/gazebo_env_setup/package.xml,797,0o664,c8fed0c0ec54dcea3afd9f48fa03f9f02c40ef53081c0721513da3c0937986fa
src/gazebo_env_setup/CMakeLists.txt,autosystem_platform_ws/utilities_pkg/gazebo_env_setup/CMakeLists.txt,1060,0o664,948ce3d6d31e40269f922ba98e1699434f22546faaf7805b7750677d6267b18d
src/gazebo_env_setup/config/asp_final_proj.rviz,autosystem_platform_ws/utilities_pkg/gazebo_env_setup/config/asp_final_proj.rviz,11462,0o664,f913209a416e003e1f368f0b1d5382ffab2ef7a66aa92b107be004504b5d7b90
src/gazebo_env_setup/launch/pose_tf_broadcaster.launch.py,autosystem_platform_ws/utilities_pkg/gazebo_env_setup/launch/pose_tf_broadcaster.launch.py,2263,0o664,6f3dd757fe2af46cb6ab4e8d77c4a2de14532b689b5dd50c69170f274d8ec237
src/gazebo_env_setup/launch/topic_bridge.launch.py,autosystem_platform_ws/utilities_pkg/gazebo_env_setup/launch/topic_bridge.launch.py,2748,0o664,69c2e227b05c25215e6a085749b3a92438eab045faa8f41857c0edcdfb1c23ac
src/gazebo_env_setup/launch/controller_setup.launch.py,autosystem_platform_ws/utilities_pkg/gazebo_env_setup/launch/controller_setup.launch.py,1339,0o664,61d4c0e63816cfb1bcbcea607aace7d2082aee774d712128cd41739c567c237c
src/gazebo_env_setup/launch/bridge_and_tf.launch.py,autosystem_platform_ws/utilities_pkg/gazebo_env_setup/launch/bridge_and_tf.launch.py,3483,0o664,51a05307c0cfbbd0f351039974bee0ac90a11c60fe3d8b20edc7b1cdc8a29a86
src/gazebo_env_setup/launch/combined_launch.py,autosystem_platform_ws/utilities_pkg/gazebo_env_setup/launch/combined_launch.py,932,0o664,b53b2d1eb21d7b78f7a032b0c9bcfd25c85bb102bcee1d34f72eb2dd6bbdaebd
src/gazebo_env_setup/launch/turn_interfaces.launch.py,autosystem_platform_ws/utilities_pkg/gazebo_env_setup/launch/turn_interfaces.launch.py,1195,0o664,52f43c5eb4813b788a187c64fecf06e61b6c58d8f7e82b82037be71e643af322
